targets,preds,matches,probabilitys
31,31,o,12.8782320022583
98,98,o,14.382437705993652
139,139,o,11.106621742248535
105,105,o,14.674883842468262
11,11,o,9.776078224182129
118,118,o,8.637264251708984
94,94,o,13.148521423339844
44,44,o,11.762308120727539
119,119,o,14.09292221069336
129,129,o,12.927233695983887
22,22,o,10.8890962600708
91,91,o,12.931574821472168
64,64,o,12.296540260314941
49,49,o,10.660289764404297
154,154,o,10.88902759552002
97,97,o,14.755843162536621
34,34,o,12.948665618896484
79,79,o,12.887042045593262
99,99,o,10.302640914916992
145,147,x,8.69737434387207
115,115,o,11.739540100097656
39,39,o,10.776863098144531
118,118,o,12.958060264587402
68,122,x,6.093597412109375
65,65,o,12.657938003540039
32,32,o,10.243849754333496
84,84,o,11.719765663146973
57,57,o,7.795774936676025
3,3,o,12.934318542480469
107,107,o,11.653682708740234
76,76,o,14.320253372192383
123,123,o,12.787267684936523
101,101,o,10.650910377502441
99,99,o,14.088232040405273
133,133,o,14.68323802947998
18,18,o,12.377849578857422
90,90,o,13.503403663635254
21,21,o,11.586091041564941
54,54,o,13.48969554901123
92,92,o,9.986837387084961
135,135,o,11.302692413330078
91,91,o,11.344172477722168
147,147,o,13.473749160766602
128,128,o,14.35500717163086
119,119,o,12.460222244262695
81,146,x,6.475589752197266
90,90,o,13.284103393554688
84,84,o,12.200303077697754
98,98,o,10.319361686706543
54,54,o,13.62170696258545
3,3,o,11.565916061401367
122,122,o,13.580459594726562
30,30,o,12.963749885559082
102,102,o,13.262420654296875
80,80,o,13.10195541381836
69,69,o,12.423925399780273
43,43,o,12.142534255981445
69,69,o,10.228527069091797
66,66,o,14.037030220031738
74,74,o,11.191411972045898
91,91,o,12.363035202026367
62,62,o,11.896788597106934
8,8,o,9.662012100219727
103,103,o,9.016196250915527
132,132,o,12.702972412109375
117,117,o,12.220257759094238
79,79,o,10.366868019104004
78,78,o,9.776435852050781
6,6,o,11.82701301574707
83,83,o,13.75650691986084
27,27,o,16.89263153076172
24,24,o,12.87381649017334
13,13,o,10.390250205993652
3,3,o,12.56045150756836
93,93,o,12.010143280029297
19,19,o,11.486392974853516
80,80,o,13.045589447021484
131,131,o,13.395249366760254
150,150,o,12.605254173278809
103,103,o,14.688740730285645
63,63,o,12.584661483764648
21,21,o,12.303837776184082
101,101,o,12.916810035705566
10,10,o,11.027668952941895
6,6,o,11.67712688446045
144,144,o,10.290096282958984
144,144,o,10.865280151367188
45,45,o,12.5037841796875
36,36,o,12.282248497009277
116,116,o,13.107158660888672
72,72,o,9.83521842956543
118,118,o,11.84223747253418
83,83,o,8.260157585144043
110,139,x,9.048246383666992
106,106,o,11.967823028564453
34,34,o,11.428877830505371
38,38,o,12.639362335205078
98,98,o,13.260551452636719
5,5,o,13.419472694396973
16,16,o,15.978297233581543
2,2,o,13.025968551635742
132,132,o,13.878032684326172
123,123,o,10.63571834564209
61,61,o,10.626185417175293
142,142,o,11.51772689819336
97,97,o,13.231074333190918
102,102,o,12.174529075622559
40,40,o,14.871277809143066
125,67,x,6.2017927169799805
69,69,o,12.462200164794922
109,109,o,13.499845504760742
148,148,o,14.212799072265625
51,51,o,10.471649169921875
119,119,o,11.586233139038086
122,122,o,9.361510276794434
142,142,o,12.529815673828125
132,132,o,11.336559295654297
130,130,o,11.399394989013672
148,148,o,12.487876892089844
75,75,o,12.180758476257324
148,148,o,12.062783241271973
151,151,o,11.238607406616211
49,49,o,7.3234148025512695
115,115,o,12.690593719482422
58,58,o,9.636812210083008
56,56,o,12.128933906555176
50,50,o,9.268866539001465
33,33,o,12.588765144348145
25,25,o,10.461307525634766
154,154,o,9.41278076171875
66,66,o,10.86770248413086
67,67,o,12.347538948059082
144,144,o,11.07061767578125
88,88,o,13.165766716003418
94,94,o,14.690651893615723
23,23,o,10.643284797668457
57,57,o,12.080360412597656
149,149,o,14.226583480834961
16,16,o,10.346284866333008
29,29,o,12.87221908569336
105,105,o,8.464076042175293
15,15,o,10.619680404663086
84,84,o,11.588088035583496
10,10,o,12.044281959533691
74,74,o,13.10234260559082
117,117,o,10.9569730758667
13,13,o,10.509238243103027
114,114,o,12.416826248168945
129,129,o,11.358983993530273
110,110,o,13.633920669555664
2,2,o,11.166556358337402
44,44,o,11.249518394470215
1,1,o,11.374469757080078
10,10,o,12.051023483276367
61,61,o,11.288649559020996
137,137,o,13.46809196472168
88,36,x,8.528075218200684
132,132,o,11.496230125427246
74,74,o,13.620664596557617
30,30,o,10.957114219665527
123,123,o,12.461225509643555
70,70,o,12.346610069274902
69,69,o,12.919981956481934
97,97,o,12.355603218078613
1,1,o,13.043400764465332
135,135,o,11.136730194091797
47,47,o,14.80428409576416
141,141,o,13.407998085021973
91,91,o,11.368851661682129
39,14,x,8.078797340393066
147,147,o,14.95327377319336
77,77,o,14.113676071166992
59,59,o,14.009544372558594
143,143,o,12.177894592285156
102,102,o,13.591849327087402
81,81,o,14.297277450561523
32,32,o,11.78900146484375
64,64,o,12.755712509155273
18,18,o,13.515405654907227
76,76,o,13.515708923339844
33,33,o,11.317414283752441
67,67,o,12.106782913208008
94,94,o,13.663324356079102
63,63,o,12.89307975769043
55,55,o,11.920404434204102
136,136,o,12.67563247680664
114,114,o,10.663867950439453
79,79,o,12.218802452087402
141,141,o,14.877655029296875
137,137,o,11.43297290802002
12,12,o,12.755815505981445
134,154,x,11.249696731567383
94,94,o,12.153656959533691
151,151,o,10.829707145690918
78,78,o,11.17080307006836
132,132,o,12.524286270141602
103,103,o,11.241908073425293
3,3,o,11.627652168273926
57,57,o,11.910392761230469
136,136,o,7.845400333404541
70,70,o,12.15372371673584
8,8,o,12.684246063232422
92,92,o,11.057902336120605
55,55,o,11.175643920898438
7,7,o,14.069217681884766
70,70,o,14.112546920776367
149,149,o,14.13430118560791
54,54,o,11.93272590637207
110,143,x,10.686684608459473
155,155,o,11.864171028137207
31,31,o,14.829110145568848
55,55,o,12.998945236206055
97,97,o,12.502028465270996
101,101,o,9.303464889526367
124,124,o,10.389092445373535
156,156,o,11.8291654586792
54,54,o,12.181586265563965
7,7,o,13.081365585327148
117,117,o,9.980130195617676
91,91,o,9.52674388885498
10,10,o,11.129729270935059
122,122,o,12.616296768188477
81,139,x,8.123785018920898
73,73,o,12.21779727935791
72,72,o,11.015167236328125
22,22,o,11.437822341918945
28,28,o,11.872858047485352
15,8,x,10.644050598144531
71,71,o,14.098350524902344
50,50,o,12.131966590881348
85,85,o,12.45579719543457
82,82,o,12.639809608459473
130,130,o,10.835803985595703
122,122,o,15.095056533813477
134,134,o,11.381973266601562
67,67,o,13.745404243469238
99,99,o,13.138458251953125
114,114,o,12.658946990966797
81,81,o,12.17276382446289
117,117,o,13.140203475952148
68,68,o,13.549104690551758
96,96,o,10.222977638244629
147,147,o,13.319738388061523
93,93,o,11.826746940612793
20,20,o,13.523436546325684
8,8,o,11.682394981384277
55,55,o,11.937541961669922
112,112,o,12.401251792907715
145,64,x,9.445487976074219
43,43,o,12.516998291015625
26,26,o,12.621891021728516
1,1,o,10.540701866149902
154,154,o,13.92373275756836
101,101,o,12.893049240112305
20,20,o,10.882304191589355
42,42,o,11.962841987609863
105,105,o,8.473613739013672
9,9,o,12.125873565673828
30,30,o,11.291422843933105
148,148,o,13.379776954650879
33,33,o,13.52556324005127
17,17,o,9.793606758117676
75,75,o,12.977118492126465
26,26,o,13.159053802490234
47,47,o,13.98476505279541
83,83,o,12.095810890197754
85,85,o,12.356771469116211
17,17,o,11.653244972229004
149,149,o,11.79976749420166
71,71,o,12.7606840133667
77,77,o,11.70799446105957
49,49,o,10.566871643066406
27,8,x,8.543203353881836
88,88,o,11.680639266967773
131,131,o,13.128863334655762
47,47,o,11.9910249710083
150,150,o,11.937277793884277
131,131,o,11.179784774780273
16,16,o,11.605463027954102
37,37,o,9.933480262756348
141,141,o,12.564923286437988
2,2,o,11.651966094970703
37,37,o,13.933380126953125
60,60,o,14.767224311828613
84,84,o,10.600595474243164
112,112,o,15.46589469909668
96,96,o,11.147737503051758
7,7,o,11.841144561767578
3,3,o,9.647363662719727
19,19,o,13.413824081420898
83,83,o,11.226658821105957
22,141,x,5.159842014312744
86,86,o,14.903031349182129
8,8,o,11.6082763671875
23,23,o,6.564632415771484
84,84,o,11.273750305175781
73,73,o,12.102065086364746
71,71,o,13.370417594909668
142,142,o,13.30557632446289
110,110,o,12.588601112365723
16,16,o,10.039886474609375
50,50,o,14.000107765197754
36,36,o,11.092733383178711
93,93,o,10.071928024291992
78,78,o,8.699373245239258
102,102,o,12.37028694152832
88,88,o,12.22365665435791
53,53,o,11.749917984008789
87,87,o,14.6940279006958
121,121,o,14.820645332336426
73,126,x,5.350194454193115
66,66,o,12.5061674118042
67,67,o,9.941536903381348
48,48,o,13.20254898071289
83,110,x,10.284226417541504
123,123,o,9.805869102478027
126,126,o,10.334778785705566
47,47,o,13.851146697998047
27,27,o,12.763484954833984
35,35,o,11.17654037475586
104,104,o,13.670670509338379
41,41,o,9.97214126586914
51,51,o,11.441414833068848
137,137,o,11.243441581726074
62,62,o,12.431267738342285
54,54,o,10.962044715881348
18,18,o,12.978466033935547
84,84,o,13.058432579040527
140,140,o,13.249458312988281
100,100,o,12.61598014831543
139,139,o,11.489269256591797
145,145,o,11.79232406616211
0,0,o,12.250211715698242
65,65,o,11.609477043151855
106,106,o,13.132599830627441
140,140,o,11.988046646118164
50,50,o,15.570648193359375
9,146,x,8.867585182189941
132,132,o,12.91154670715332
41,41,o,11.809357643127441
131,131,o,15.80862808227539
136,136,o,11.570630073547363
28,28,o,10.513385772705078
115,115,o,12.507984161376953
59,59,o,12.3514404296875
38,38,o,14.795662879943848
111,111,o,10.426056861877441
17,17,o,10.05722713470459
26,26,o,11.94839859008789
111,111,o,11.776337623596191
101,101,o,10.209310531616211
23,23,o,11.531983375549316
103,103,o,11.685218811035156
132,132,o,11.573528289794922
152,152,o,12.738176345825195
135,135,o,12.734905242919922
131,131,o,10.657459259033203
138,138,o,12.030556678771973
41,41,o,14.9021577835083
63,63,o,12.137290954589844
101,101,o,13.82247257232666
146,146,o,11.732953071594238
68,68,o,11.74846363067627
89,89,o,10.912991523742676
106,106,o,11.618660926818848
34,34,o,12.784002304077148
64,64,o,6.656726837158203
22,22,o,12.988812446594238
97,97,o,15.0593900680542
86,86,o,10.242104530334473
111,111,o,13.027453422546387
87,87,o,13.12451457977295
3,3,o,14.533424377441406
67,67,o,12.531804084777832
96,96,o,10.627106666564941
83,83,o,13.247939109802246
51,51,o,12.948933601379395
44,44,o,11.655404090881348
13,13,o,12.08346939086914
92,92,o,13.700541496276855
134,134,o,11.883405685424805
122,122,o,10.62024211883545
123,123,o,7.545583248138428
4,4,o,9.517096519470215
79,79,o,12.902643203735352
121,121,o,14.105843544006348
124,124,o,14.676617622375488
2,2,o,12.050196647644043
15,15,o,16.019084930419922
142,142,o,12.302614212036133
70,70,o,10.053299903869629
70,70,o,14.277607917785645
91,91,o,12.316324234008789
26,26,o,12.310274124145508
27,27,o,13.016895294189453
13,13,o,10.411847114562988
21,21,o,14.269511222839355
145,145,o,10.044990539550781
81,134,x,13.96409797668457
136,136,o,9.63249397277832
105,105,o,10.237881660461426
132,132,o,11.917911529541016
9,9,o,13.627501487731934
60,60,o,13.578649520874023
27,27,o,9.710348129272461
46,46,o,11.63589859008789
36,36,o,14.7071533203125
57,57,o,10.823173522949219
102,102,o,11.66197395324707
24,24,o,14.13751220703125
2,2,o,11.121652603149414
80,80,o,8.819482803344727
98,98,o,11.431256294250488
121,121,o,13.922335624694824
25,25,o,10.624262809753418
124,124,o,10.344659805297852
37,37,o,13.237276077270508
151,151,o,11.646777153015137
143,143,o,14.850229263305664
48,48,o,12.882606506347656
126,126,o,9.954132080078125
2,2,o,9.87511920928955
100,100,o,13.001577377319336
71,71,o,15.52918815612793
11,11,o,12.609487533569336
28,28,o,10.590218544006348
121,121,o,13.475046157836914
144,144,o,10.755748748779297
10,10,o,10.180337905883789
81,81,o,13.610868453979492
63,63,o,11.255861282348633
43,43,o,11.200922012329102
153,153,o,12.699236869812012
35,35,o,13.215181350708008
138,138,o,11.545422554016113
109,109,o,10.969779968261719
139,139,o,13.633743286132812
107,107,o,11.542150497436523
143,143,o,13.791499137878418
32,32,o,9.588361740112305
70,70,o,13.953558921813965
103,103,o,10.086663246154785
58,58,o,11.398439407348633
94,94,o,12.04085922241211
77,77,o,14.04200267791748
87,87,o,11.700989723205566
112,112,o,13.454916000366211
92,92,o,11.813054084777832
56,56,o,12.044017791748047
98,98,o,11.255051612854004
147,147,o,10.69720458984375
107,107,o,7.003335952758789
25,25,o,10.833601951599121
82,82,o,10.884998321533203
148,148,o,11.774109840393066
8,8,o,10.363255500793457
129,129,o,12.027653694152832
62,62,o,9.390869140625
118,118,o,13.791475296020508
129,129,o,12.889034271240234
108,108,o,14.717095375061035
11,11,o,11.570633888244629
40,40,o,13.815659523010254
54,54,o,13.241066932678223
149,149,o,15.400375366210938
17,17,o,12.092531204223633
113,113,o,11.931695938110352
56,56,o,14.474288940429688
155,155,o,10.51452350616455
47,47,o,12.971884727478027
94,94,o,11.896256446838379
100,100,o,14.36678409576416
32,32,o,11.857590675354004
126,126,o,8.828919410705566
7,7,o,14.105497360229492
45,84,x,7.445816516876221
1,156,x,7.431107044219971
79,79,o,12.315381050109863
59,59,o,10.045188903808594
72,72,o,11.370124816894531
53,53,o,10.835469245910645
103,45,x,9.021469116210938
98,98,o,10.052311897277832
71,71,o,14.034704208374023
30,30,o,11.07233715057373
40,40,o,11.987652778625488
42,42,o,11.091032028198242
108,108,o,14.504504203796387
153,153,o,13.8602876663208
36,36,o,15.149563789367676
111,111,o,11.967547416687012
22,22,o,6.998934745788574
82,82,o,10.081934928894043
131,131,o,13.714107513427734
60,60,o,12.591667175292969
90,90,o,12.486129760742188
27,27,o,12.868840217590332
53,53,o,11.736496925354004
61,61,o,11.438602447509766
71,71,o,15.69973373413086
71,71,o,10.075727462768555
4,4,o,12.498090744018555
25,25,o,10.237865447998047
68,68,o,12.118313789367676
77,149,x,7.6351318359375
101,101,o,12.898686408996582
151,151,o,10.17687702178955
9,9,o,13.494739532470703
64,64,o,14.874483108520508
64,27,x,9.717053413391113
20,20,o,11.281394004821777
119,119,o,11.308878898620605
61,61,o,12.509748458862305
97,97,o,11.907586097717285
137,137,o,12.88050651550293
87,87,o,13.24828052520752
27,27,o,14.358712196350098
37,37,o,11.145413398742676
62,113,x,5.982631683349609
118,118,o,10.493399620056152
142,142,o,11.143404960632324
59,59,o,10.983729362487793
115,58,x,7.555622577667236
52,52,o,11.402000427246094
73,73,o,10.856707572937012
31,31,o,12.767768859863281
9,9,o,12.960220336914062
82,82,o,12.333854675292969
4,117,x,9.25515365600586
61,61,o,14.899884223937988
144,144,o,11.435843467712402
155,155,o,10.5254545211792
35,105,x,7.17754602432251
113,113,o,12.449928283691406
68,68,o,11.49033260345459
3,3,o,12.010087013244629
35,35,o,12.494771003723145
17,17,o,14.104124069213867
113,66,x,9.106986999511719
106,106,o,10.961027145385742
156,156,o,13.044867515563965
64,64,o,14.596517562866211
156,156,o,11.422064781188965
122,122,o,15.540428161621094
111,111,o,13.124008178710938
114,114,o,10.066354751586914
139,139,o,11.259222984313965
6,6,o,12.682157516479492
128,128,o,12.832736015319824
45,45,o,10.429510116577148
111,111,o,11.6406831741333
7,7,o,11.992389678955078
0,0,o,14.757701873779297
21,21,o,12.033805847167969
68,68,o,11.189043045043945
86,86,o,12.787175178527832
42,42,o,13.842391014099121
107,156,x,5.445705890655518
68,68,o,10.853100776672363
5,5,o,11.097643852233887
89,89,o,13.7298002243042
11,155,x,7.978056907653809
152,152,o,13.814790725708008
131,131,o,10.728116989135742
154,154,o,12.149625778198242
115,115,o,10.79536247253418
48,48,o,11.24232006072998
88,88,o,11.063316345214844
37,37,o,10.421463012695312
95,95,o,12.288736343383789
88,88,o,12.441460609436035
94,94,o,10.238317489624023
151,151,o,12.503929138183594
110,110,o,13.40639591217041
16,16,o,16.28346824645996
68,68,o,10.803290367126465
78,138,x,8.85080337524414
146,146,o,12.426660537719727
153,153,o,10.870659828186035
156,156,o,12.115397453308105
2,2,o,14.294317245483398
132,132,o,12.467449188232422
9,9,o,17.057226181030273
138,138,o,10.78505802154541
37,37,o,10.947437286376953
36,36,o,13.577094078063965
149,149,o,11.68714427947998
49,49,o,10.178314208984375
33,33,o,12.594698905944824
136,136,o,14.027281761169434
100,100,o,12.699837684631348
79,79,o,15.428189277648926
28,28,o,11.244527816772461
84,31,x,5.941981315612793
107,107,o,11.506071090698242
139,139,o,12.529500961303711
134,134,o,11.666583061218262
118,118,o,11.601286888122559
148,148,o,10.82987117767334
136,136,o,11.927445411682129
140,140,o,10.402663230895996
64,64,o,10.70449447631836
6,6,o,13.10562801361084
114,114,o,11.703688621520996
53,53,o,8.593321800231934
7,7,o,12.443330764770508
120,120,o,13.57905387878418
28,28,o,10.191816329956055
47,47,o,7.949224948883057
141,141,o,14.058362007141113
15,15,o,11.910110473632812
87,87,o,11.30471134185791
130,130,o,12.118734359741211
69,69,o,13.768349647521973
1,1,o,15.009519577026367
25,25,o,10.77879810333252
4,4,o,11.964332580566406
118,118,o,10.736467361450195
117,117,o,11.170315742492676
60,60,o,13.681083679199219
4,4,o,11.977067947387695
73,73,o,10.724424362182617
87,87,o,7.404687881469727
8,8,o,15.442163467407227
95,95,o,12.95611572265625
42,42,o,10.937918663024902
84,84,o,11.314858436584473
92,92,o,13.471832275390625
129,129,o,11.035053253173828
1,1,o,12.090943336486816
124,124,o,11.689274787902832
33,33,o,13.273974418640137
19,19,o,12.781392097473145
86,86,o,15.156627655029297
0,0,o,8.09031867980957
5,5,o,15.89230728149414
30,30,o,11.426676750183105
43,43,o,11.690979957580566
136,136,o,10.887606620788574
106,106,o,9.978691101074219
27,27,o,10.735111236572266
138,138,o,10.98365306854248
39,39,o,11.258227348327637
6,6,o,12.215655326843262
56,113,x,6.705830097198486
66,66,o,13.373194694519043
39,39,o,15.905556678771973
0,0,o,14.037959098815918
136,136,o,10.244048118591309
13,13,o,12.173615455627441
108,108,o,10.968934059143066
33,33,o,13.081049919128418
26,26,o,13.626848220825195
142,142,o,12.724309921264648
16,109,x,9.59522533416748
71,71,o,11.948322296142578
25,25,o,12.219804763793945
150,150,o,12.484171867370605
38,38,o,13.663341522216797
142,142,o,12.68161392211914
27,27,o,13.44670295715332
150,150,o,13.33975887298584
85,85,o,12.731691360473633
59,59,o,12.747222900390625
11,11,o,10.659224510192871
92,92,o,14.637499809265137
122,122,o,10.472694396972656
55,55,o,13.49752426147461
35,35,o,8.30453109741211
50,50,o,11.984127044677734
3,3,o,10.930771827697754
93,93,o,12.396940231323242
48,48,o,11.520975112915039
38,38,o,12.575516700744629
85,85,o,12.406217575073242
71,71,o,14.005598068237305
95,95,o,11.007720947265625
151,151,o,10.791844367980957
19,95,x,8.119379997253418
21,21,o,13.890923500061035
137,137,o,12.418050765991211
100,100,o,13.004355430603027
135,135,o,10.324509620666504
40,40,o,15.26919937133789
23,23,o,12.568894386291504
6,6,o,11.883304595947266
123,123,o,11.638794898986816
89,89,o,10.900404930114746
62,62,o,12.252918243408203
116,116,o,13.909661293029785
139,149,x,7.620543956756592
155,155,o,12.197443962097168
142,142,o,10.954124450683594
125,125,o,13.177749633789062
137,137,o,11.70970630645752
108,108,o,11.815646171569824
74,74,o,13.131692886352539
10,10,o,10.569541931152344
22,22,o,14.889184951782227
36,36,o,13.388372421264648
147,147,o,13.672109603881836
119,119,o,12.334755897521973
134,134,o,13.646233558654785
27,27,o,9.470848083496094
95,95,o,13.686248779296875
91,91,o,9.648407936096191
35,111,x,6.264956474304199
124,124,o,9.481900215148926
17,17,o,11.150413513183594
93,93,o,11.482449531555176
57,57,o,12.383454322814941
118,118,o,11.652032852172852
93,93,o,8.82071304321289
50,50,o,7.724815845489502
34,34,o,13.239835739135742
54,54,o,13.653382301330566
135,135,o,11.147579193115234
136,136,o,11.803632736206055
76,76,o,14.324274063110352
105,105,o,12.30663013458252
63,63,o,11.079963684082031
17,5,x,12.05908489227295
56,146,x,9.123967170715332
136,136,o,12.056513786315918
140,140,o,9.8135986328125
118,118,o,11.843390464782715
78,78,o,11.957672119140625
95,95,o,12.798561096191406
105,105,o,11.317212104797363
104,104,o,14.261154174804688
103,103,o,9.676091194152832
74,74,o,15.90466594696045
32,32,o,11.950288772583008
108,5,x,9.607961654663086
33,33,o,12.7173433303833
140,140,o,11.777297019958496
150,150,o,9.453221321105957
153,153,o,12.450528144836426
48,48,o,13.084574699401855
112,112,o,10.263592720031738
32,32,o,12.932975769042969
113,113,o,12.960809707641602
90,90,o,16.021787643432617
31,31,o,12.707491874694824
93,93,o,8.695877075195312
21,21,o,13.065707206726074
37,37,o,5.700648784637451
108,108,o,14.629136085510254
95,95,o,15.120147705078125
135,135,o,10.816021919250488
72,72,o,10.969681739807129
23,23,o,16.50777816772461
153,153,o,9.426924705505371
41,41,o,13.751091003417969
147,147,o,9.849632263183594
82,82,o,13.680622100830078
86,86,o,11.950480461120605
128,128,o,10.179850578308105
146,9,x,11.539973258972168
17,17,o,12.547181129455566
89,89,o,12.776341438293457
142,142,o,10.402052879333496
65,65,o,14.019170761108398
92,92,o,12.989859580993652
54,54,o,12.529265403747559
21,21,o,10.471893310546875
20,20,o,11.375665664672852
7,7,o,13.835745811462402
52,52,o,13.319437980651855
71,71,o,12.075281143188477
138,138,o,11.664383888244629
48,48,o,15.060927391052246
123,123,o,9.049236297607422
144,144,o,11.02336311340332
55,55,o,13.173946380615234
58,58,o,10.087484359741211
57,57,o,11.417482376098633
74,74,o,12.665891647338867
31,31,o,15.14266586303711
60,60,o,11.912814140319824
114,114,o,11.968405723571777
18,18,o,11.950620651245117
51,34,x,10.156757354736328
12,12,o,13.324491500854492
77,77,o,16.85739517211914
86,86,o,12.33861255645752
133,133,o,12.145078659057617
31,31,o,16.058568954467773
119,119,o,10.232869148254395
101,101,o,13.536585807800293
33,33,o,13.170849800109863
86,86,o,14.130207061767578
78,49,x,6.208160877227783
4,4,o,8.489628791809082
138,138,o,10.76076602935791
57,57,o,11.001178741455078
156,156,o,12.437525749206543
76,76,o,13.365039825439453
36,36,o,13.115546226501465
80,80,o,10.96269702911377
11,11,o,6.159379482269287
26,26,o,12.014792442321777
156,156,o,12.278327941894531
64,64,o,10.964473724365234
151,151,o,10.312169075012207
148,148,o,13.5640869140625
29,29,o,11.728386878967285
110,110,o,10.46001148223877
152,152,o,11.03995418548584
46,46,o,13.686691284179688
115,115,o,12.56017780303955
145,145,o,14.633262634277344
19,19,o,14.005438804626465
122,122,o,12.916593551635742
83,83,o,12.615492820739746
62,62,o,10.157938957214355
59,59,o,10.662612915039062
66,66,o,12.788025856018066
24,24,o,10.807600021362305
16,16,o,11.111659049987793
76,76,o,10.906717300415039
24,24,o,10.611133575439453
153,153,o,11.783943176269531
18,18,o,12.135977745056152
23,23,o,13.936996459960938
57,57,o,11.251617431640625
76,76,o,13.44133186340332
112,112,o,14.63838005065918
102,102,o,13.593107223510742
81,81,o,13.118658065795898
25,25,o,12.953176498413086
116,116,o,13.500038146972656
41,41,o,16.30327796936035
100,100,o,14.142064094543457
155,155,o,10.345560073852539
130,130,o,13.22732925415039
106,106,o,14.58189582824707
156,156,o,11.908791542053223
92,92,o,10.87615966796875
88,88,o,11.694021224975586
0,0,o,15.53336238861084
87,87,o,10.624085426330566
136,136,o,10.383293151855469
104,104,o,12.52523422241211
102,102,o,10.168004989624023
141,141,o,13.317280769348145
0,0,o,13.08875560760498
63,63,o,11.376106262207031
114,114,o,10.378872871398926
120,120,o,9.143887519836426
5,5,o,13.54903507232666
13,13,o,10.847648620605469
69,69,o,11.394283294677734
102,102,o,14.294300079345703
117,117,o,11.099082946777344
153,50,x,5.814819812774658
11,11,o,11.426414489746094
94,94,o,11.628398895263672
83,83,o,13.179065704345703
128,128,o,11.09937858581543
16,16,o,13.073545455932617
133,133,o,11.835038185119629
104,104,o,11.812338829040527
138,138,o,12.699278831481934
130,130,o,11.21932315826416
90,90,o,12.341252326965332
35,35,o,15.45654010772705
121,121,o,10.045014381408691
78,78,o,12.56093978881836
86,86,o,12.174576759338379
122,122,o,12.830129623413086
154,154,o,14.497411727905273
16,16,o,13.457242012023926
52,52,o,13.731537818908691
64,141,x,7.535569190979004
107,107,o,12.523478507995605
41,41,o,11.148598670959473
96,96,o,11.865239143371582
53,53,o,9.201031684875488
67,67,o,11.15155029296875
126,126,o,16.0616455078125
60,60,o,14.567242622375488
106,106,o,12.989304542541504
22,22,o,12.171853065490723
73,73,o,12.264785766601562
5,5,o,13.248516082763672
11,11,o,11.031831741333008
90,90,o,11.025700569152832
1,1,o,14.228384017944336
32,32,o,12.440973281860352
78,78,o,12.427762985229492
156,156,o,10.327549934387207
42,42,o,12.314841270446777
89,89,o,13.429783821105957
36,36,o,14.485304832458496
79,79,o,11.188926696777344
46,46,o,10.511310577392578
154,154,o,13.893529891967773
128,128,o,12.364776611328125
38,38,o,9.58170223236084
147,147,o,12.776193618774414
122,122,o,14.825155258178711
46,46,o,10.678962707519531
112,112,o,15.887598037719727
151,151,o,11.230422019958496
144,144,o,12.992029190063477
153,153,o,12.730223655700684
40,40,o,13.218069076538086
41,41,o,13.420390129089355
34,34,o,13.068365097045898
104,104,o,13.621411323547363
80,80,o,6.680164813995361
16,16,o,12.106372833251953
18,18,o,12.682266235351562
121,121,o,12.70068359375
3,3,o,11.884716033935547
89,89,o,12.41065502166748
83,66,x,7.999676704406738
11,11,o,11.154619216918945
107,107,o,11.639501571655273
144,144,o,12.014896392822266
41,34,x,8.872172355651855
50,50,o,13.3273286819458
73,73,o,12.246338844299316
116,116,o,12.545815467834473
82,82,o,11.931997299194336
65,65,o,13.138854026794434
52,52,o,13.361162185668945
111,111,o,14.602309226989746
140,140,o,13.149662971496582
142,142,o,9.468969345092773
22,22,o,6.334831237792969
122,122,o,14.458789825439453
92,92,o,10.945395469665527
55,55,o,10.018036842346191
154,154,o,14.310099601745605
87,87,o,12.32123851776123
11,11,o,11.965705871582031
15,15,o,14.674980163574219
60,60,o,11.438616752624512
84,84,o,10.882292747497559
63,63,o,12.243569374084473
12,12,o,11.20650863647461
90,90,o,11.298504829406738
150,150,o,11.716641426086426
96,96,o,12.141303062438965
63,63,o,14.201883316040039
146,146,o,16.29833221435547
21,21,o,11.812273025512695
142,142,o,6.989367485046387
47,47,o,11.271845817565918
72,72,o,11.234515190124512
33,33,o,11.879549026489258
125,125,o,12.936723709106445
17,17,o,11.46878433227539
79,79,o,12.166465759277344
106,106,o,13.314828872680664
133,133,o,12.944097518920898
82,82,o,13.96208381652832
113,113,o,13.760127067565918
133,133,o,13.257808685302734
13,13,o,10.232439041137695
149,149,o,11.230277061462402
155,155,o,11.035293579101562
89,89,o,9.514893531799316
0,0,o,10.745631217956543
123,123,o,11.43484115600586
53,77,x,9.499353408813477
125,125,o,13.255668640136719
78,54,x,7.045029640197754
29,29,o,11.268909454345703
74,74,o,7.621335506439209
92,92,o,13.747509956359863
101,101,o,13.859701156616211
16,16,o,6.296374797821045
151,151,o,12.477751731872559
97,97,o,12.975632667541504
114,114,o,11.209020614624023
64,64,o,13.435620307922363
117,117,o,12.785656929016113
148,148,o,10.283899307250977
3,3,o,11.644059181213379
75,75,o,13.692808151245117
13,13,o,13.894255638122559
119,110,x,8.548583030700684
42,42,o,12.345187187194824
76,76,o,13.35897445678711
40,40,o,14.044846534729004
148,148,o,12.017110824584961
61,61,o,12.591562271118164
65,65,o,8.380182266235352
99,99,o,12.509258270263672
89,89,o,13.743500709533691
27,27,o,12.744050979614258
86,86,o,13.654552459716797
22,22,o,7.832993984222412
138,138,o,12.990997314453125
35,35,o,11.055197715759277
53,53,o,11.357278823852539
23,82,x,10.628921508789062
47,47,o,10.904738426208496
34,34,o,12.035948753356934
72,72,o,10.103036880493164
142,142,o,12.482160568237305
20,20,o,13.891703605651855
153,153,o,13.103106498718262
132,132,o,12.872817993164062
20,20,o,10.600411415100098
87,87,o,11.378416061401367
75,75,o,10.44272518157959
146,146,o,13.073114395141602
152,152,o,11.461594581604004
13,13,o,11.148271560668945
23,23,o,13.362161636352539
144,144,o,10.128800392150879
119,119,o,9.285438537597656
48,48,o,14.599343299865723
110,110,o,11.236747741699219
80,80,o,11.894181251525879
139,139,o,14.33713436126709
147,147,o,15.228194236755371
82,82,o,12.278522491455078
119,119,o,8.819807052612305
42,42,o,12.905247688293457
150,130,x,10.461740493774414
121,121,o,7.547565937042236
20,20,o,13.936123847961426
5,5,o,6.1971330642700195
141,141,o,14.947416305541992
125,125,o,11.58143138885498
109,109,o,14.075931549072266
37,37,o,12.855340003967285
24,24,o,11.108417510986328
67,67,o,12.239274978637695
107,107,o,11.505537986755371
63,63,o,11.024007797241211
37,15,x,7.927749156951904
66,66,o,12.884913444519043
66,66,o,15.444387435913086
32,32,o,11.35534954071045
58,58,o,14.539051055908203
116,116,o,13.228636741638184
106,106,o,11.35275650024414
46,46,o,10.890010833740234
20,81,x,7.310987949371338
42,42,o,5.978368759155273
107,107,o,12.263166427612305
49,49,o,12.884461402893066
93,93,o,8.538716316223145
31,31,o,10.701248168945312
111,111,o,12.968337059020996
58,58,o,8.996903419494629
29,29,o,11.942523956298828
153,153,o,11.476704597473145
90,90,o,9.929543495178223
153,153,o,13.122479438781738
140,85,x,9.011462211608887
100,100,o,13.520831108093262
100,100,o,11.676861763000488
97,97,o,14.717168807983398
117,117,o,11.234108924865723
140,140,o,11.956267356872559
41,41,o,13.451464653015137
60,60,o,12.34835147857666
86,86,o,7.585906028747559
14,14,o,15.546968460083008
63,63,o,15.925302505493164
1,1,o,11.489824295043945
21,21,o,13.151456832885742
152,152,o,7.736424446105957
3,3,o,13.006489753723145
140,140,o,11.512093544006348
88,88,o,12.198124885559082
120,120,o,10.188915252685547
72,72,o,10.257379531860352
39,39,o,10.469277381896973
116,116,o,13.449454307556152
150,150,o,14.018325805664062
90,90,o,10.343214988708496
75,75,o,12.15727710723877
46,46,o,11.27569580078125
116,116,o,13.312420845031738
82,82,o,11.093881607055664
85,85,o,11.433385848999023
134,134,o,11.87756633758545
53,53,o,9.285646438598633
75,75,o,13.129409790039062
36,36,o,14.585875511169434
10,10,o,11.682418823242188
150,150,o,14.861425399780273
104,104,o,9.437875747680664
52,52,o,16.501937866210938
129,129,o,12.334169387817383
6,6,o,11.39224910736084
151,151,o,5.918399810791016
154,154,o,13.116100311279297
8,8,o,10.674185752868652
9,9,o,12.789137840270996
37,37,o,10.513615608215332
109,109,o,11.507006645202637
66,66,o,13.719670295715332
82,82,o,14.871840476989746
150,150,o,11.4674711227417
123,123,o,10.862517356872559
72,72,o,10.20786190032959
5,5,o,11.625449180603027
13,13,o,15.12560749053955
63,125,x,7.371167182922363
20,20,o,10.990609169006348
149,149,o,13.15743350982666
92,92,o,11.808114051818848
38,38,o,14.042624473571777
76,76,o,15.902929306030273
154,154,o,9.177534103393555
129,129,o,12.067577362060547
128,128,o,11.391837120056152
83,83,o,12.499008178710938
107,107,o,13.318846702575684
54,54,o,11.972530364990234
119,119,o,15.808711051940918
74,74,o,12.30834674835205
29,29,o,11.761603355407715
80,80,o,11.372553825378418
141,141,o,12.079781532287598
56,56,o,13.529250144958496
68,68,o,10.32929801940918
11,11,o,12.412395477294922
90,90,o,12.196322441101074
96,96,o,10.432307243347168
86,86,o,13.354208946228027
69,69,o,12.62073040008545
42,42,o,13.598849296569824
38,38,o,12.027626991271973
114,114,o,12.594991683959961
38,38,o,15.053078651428223
156,53,x,8.28577709197998
118,118,o,11.261093139648438
112,112,o,11.923450469970703
139,121,x,10.216078758239746
3,3,o,8.399317741394043
117,4,x,10.73934268951416
97,97,o,11.898398399353027
94,94,o,13.623076438903809
20,20,o,9.591703414916992
128,128,o,10.471818923950195
38,38,o,12.355408668518066
118,118,o,11.856201171875
141,141,o,12.26729679107666
94,5,x,5.808343410491943
103,32,x,7.221515655517578
117,156,x,9.555728912353516
125,125,o,10.609600067138672
137,137,o,10.836465835571289
87,87,o,12.306984901428223
120,120,o,10.964131355285645
85,85,o,9.296698570251465
73,73,o,9.820318222045898
44,44,o,11.322778701782227
99,99,o,11.981599807739258
154,154,o,9.923331260681152
112,112,o,11.403341293334961
92,92,o,12.377381324768066
32,32,o,12.063979148864746
39,39,o,13.813733100891113
11,11,o,9.01950740814209
61,61,o,11.195415496826172
81,81,o,13.32584285736084
28,28,o,12.830788612365723
7,7,o,11.65196418762207
65,65,o,10.479806900024414
141,141,o,11.945513725280762
20,20,o,9.509598731994629
77,77,o,12.448049545288086
79,79,o,14.020381927490234
103,103,o,10.94178581237793
80,80,o,12.12364673614502
63,63,o,13.402198791503906
113,113,o,13.169279098510742
112,112,o,14.015069007873535
25,66,x,5.501573085784912
114,114,o,12.798910140991211
24,24,o,11.65534496307373
2,2,o,9.479461669921875
44,44,o,11.623408317565918
94,94,o,14.962919235229492
43,43,o,12.368252754211426
42,42,o,11.095165252685547
42,42,o,11.791813850402832
50,50,o,14.064065933227539
134,81,x,10.429903984069824
106,106,o,15.953788757324219
60,60,o,11.178696632385254
24,24,o,11.910163879394531
104,104,o,11.49822998046875
6,6,o,12.24068546295166
14,14,o,14.098175048828125
112,112,o,10.698785781860352
126,126,o,10.343435287475586
85,85,o,11.705948829650879
62,62,o,11.06416130065918
99,99,o,14.374826431274414
44,44,o,12.2066068649292
114,114,o,11.578067779541016
156,156,o,12.963432312011719
145,145,o,12.345478057861328
59,59,o,11.089593887329102
68,68,o,13.649685859680176
149,149,o,12.352622985839844
62,62,o,10.692121505737305
24,24,o,8.76009464263916
3,3,o,14.533424377441406
103,103,o,10.403800010681152
38,38,o,15.510625839233398
64,64,o,11.718886375427246
88,88,o,10.571343421936035
129,129,o,13.2032470703125
120,120,o,9.05499267578125
10,10,o,12.190759658813477
45,45,o,13.782332420349121
144,144,o,10.59268569946289
71,71,o,12.82973575592041
101,101,o,11.630373001098633
66,66,o,14.39298152923584
60,60,o,11.552236557006836
54,54,o,12.115978240966797
121,121,o,14.666790962219238
131,131,o,16.43685531616211
143,143,o,13.095215797424316
35,35,o,12.361615180969238
18,18,o,12.392677307128906
53,53,o,12.142632484436035
77,131,x,9.050551414489746
143,143,o,13.851507186889648
135,91,x,8.335084915161133
111,111,o,12.826696395874023
91,91,o,12.583300590515137
152,152,o,12.203878402709961
139,139,o,12.081607818603516
100,100,o,11.504582405090332
121,121,o,11.970536231994629
48,48,o,12.773894309997559
100,100,o,17.281349182128906
99,99,o,12.472356796264648
91,91,o,11.23156452178955
33,33,o,11.893122673034668
145,145,o,12.844646453857422
111,111,o,11.412266731262207
23,23,o,14.003912925720215
6,6,o,9.523935317993164
58,58,o,11.31677532196045
120,120,o,14.132163047790527
105,39,x,5.960042476654053
108,108,o,13.729992866516113
113,113,o,12.849048614501953
147,147,o,11.872543334960938
0,0,o,12.572122573852539
120,120,o,11.301864624023438
48,48,o,13.86001968383789
115,115,o,8.124207496643066
125,125,o,13.848736763000488
51,51,o,11.069539070129395
79,79,o,10.468406677246094
135,135,o,11.45479965209961
76,76,o,13.5801362991333
70,70,o,10.882267951965332
96,96,o,13.151997566223145
9,104,x,10.376396179199219
81,81,o,13.39391803741455
118,118,o,13.39064884185791
17,17,o,10.749277114868164
129,129,o,10.185930252075195
36,36,o,11.57412338256836
113,113,o,12.158341407775879
93,69,x,6.977134704589844
133,133,o,12.22314739227295
78,78,o,12.405241012573242
98,98,o,12.733567237854004
58,58,o,10.45193862915039
18,18,o,11.274093627929688
94,94,o,14.514389038085938
65,65,o,8.726856231689453
96,96,o,14.342820167541504
40,40,o,12.458810806274414
48,48,o,10.755800247192383
60,60,o,9.530366897583008
81,81,o,11.389177322387695
128,128,o,12.908208847045898
95,95,o,11.97205924987793
5,5,o,10.259150505065918
97,97,o,10.277392387390137
124,124,o,11.543907165527344
10,10,o,10.860790252685547
86,86,o,13.039916038513184
51,51,o,7.845215797424316
110,110,o,13.832507133483887
39,39,o,13.04529094696045
102,102,o,16.322126388549805
44,44,o,11.825278282165527
143,143,o,12.691375732421875
113,113,o,11.153923034667969
24,24,o,11.198759078979492
137,137,o,11.327958106994629
36,36,o,14.674595832824707
123,123,o,12.180434226989746
116,116,o,12.05533504486084
26,26,o,10.010045051574707
123,123,o,11.941363334655762
15,15,o,11.174710273742676
113,113,o,12.888566017150879
18,18,o,12.239089965820312
71,71,o,12.293109893798828
43,43,o,12.657512664794922
38,38,o,13.789694786071777
27,27,o,16.503204345703125
147,147,o,15.964648246765137
63,27,x,6.314821243286133
22,22,o,11.99643611907959
26,26,o,10.793691635131836
28,28,o,9.809404373168945
101,101,o,11.408876419067383
55,55,o,12.023935317993164
82,82,o,13.445981979370117
22,22,o,14.876416206359863
101,101,o,15.890898704528809
129,129,o,11.035053253173828
48,48,o,11.302297592163086
72,72,o,11.550338745117188
44,44,o,10.771377563476562
148,148,o,11.253857612609863
155,155,o,10.172582626342773
62,62,o,11.60303783416748
115,115,o,11.527467727661133
36,36,o,12.800858497619629
21,21,o,11.851841926574707
114,114,o,11.762826919555664
39,39,o,10.314075469970703
5,5,o,11.625449180603027
83,56,x,7.483512878417969
126,83,x,10.404799461364746
75,75,o,12.501150131225586
148,148,o,12.97963809967041
76,76,o,13.342447280883789
130,130,o,13.591713905334473
103,103,o,10.798572540283203
58,58,o,13.579681396484375
135,135,o,12.569357872009277
4,4,o,12.428966522216797
138,138,o,11.621195793151855
2,2,o,11.128833770751953
144,144,o,11.465205192565918
15,15,o,11.9921236038208
99,99,o,12.293124198913574
107,107,o,12.067022323608398
155,155,o,10.235868453979492
77,77,o,12.758077621459961
130,130,o,11.948270797729492
142,142,o,12.133416175842285
54,54,o,12.0537691116333
94,94,o,11.628398895263672
9,9,o,16.557222366333008
10,10,o,11.57122802734375
134,134,o,14.203160285949707
124,124,o,13.110414505004883
136,136,o,12.974577903747559
146,146,o,14.835637092590332
17,17,o,10.725488662719727
42,42,o,13.59281063079834
11,33,x,7.983348369598389
10,10,o,11.007972717285156
8,8,o,10.697832107543945
69,69,o,11.1638822555542
149,149,o,12.379626274108887
8,8,o,15.403048515319824
71,71,o,12.576516151428223
132,132,o,13.298298835754395
1,1,o,16.057506561279297
57,57,o,11.936731338500977
75,75,o,12.371199607849121
105,105,o,11.676724433898926
108,108,o,14.911582946777344
67,67,o,14.811554908752441
133,133,o,12.57910442352295
41,41,o,12.953818321228027
130,150,x,13.23389720916748
27,27,o,13.730439186096191
38,38,o,14.127503395080566
40,40,o,10.236029624938965
8,8,o,13.336127281188965
155,155,o,9.441969871520996
125,125,o,13.427140235900879
71,71,o,13.137449264526367
82,82,o,14.871840476989746
110,110,o,13.518656730651855
50,50,o,11.242469787597656
95,95,o,11.297861099243164
17,17,o,11.296228408813477
124,124,o,14.37275218963623
150,150,o,12.728963851928711
117,117,o,8.34753704071045
80,80,o,13.246333122253418
46,46,o,6.617189407348633
106,2,x,7.05954122543335
76,76,o,12.210349082946777
6,6,o,10.566800117492676
99,99,o,12.538766860961914
156,156,o,12.570282936096191
140,140,o,12.501097679138184
17,17,o,11.182003021240234
16,110,x,5.861651420593262
92,92,o,12.769569396972656
18,18,o,10.212196350097656
9,9,o,12.381000518798828
106,106,o,12.57981014251709
107,107,o,12.705209732055664
151,151,o,10.761056900024414
19,19,o,11.185373306274414
152,152,o,12.94242000579834
56,56,o,14.382185935974121
2,2,o,12.161768913269043
15,15,o,11.915063858032227
119,119,o,14.665704727172852
46,46,o,10.40329647064209
101,101,o,9.105517387390137
150,150,o,12.08650016784668
72,72,o,10.596328735351562
150,150,o,9.265328407287598
74,74,o,13.772465705871582
124,124,o,10.662586212158203
137,137,o,12.326957702636719
78,78,o,12.684261322021484
84,84,o,12.902353286743164
137,137,o,10.84364128112793
35,35,o,9.897215843200684
64,64,o,13.613517761230469
148,148,o,11.219194412231445
130,130,o,12.351591110229492
38,38,o,14.15519905090332
121,121,o,12.530274391174316
145,145,o,6.241636753082275
113,113,o,10.193497657775879
71,71,o,14.40172290802002
31,31,o,13.443603515625
55,55,o,10.456769943237305
30,30,o,10.332842826843262
78,78,o,13.228541374206543
150,150,o,8.805075645446777
105,105,o,8.981858253479004
108,108,o,11.262897491455078
126,126,o,11.659836769104004
59,59,o,13.012603759765625
114,114,o,12.547598838806152
47,47,o,6.898856163024902
85,85,o,13.170763969421387
110,110,o,14.136268615722656
155,155,o,12.51917552947998
1,1,o,13.28009033203125
153,153,o,10.328341484069824
130,130,o,11.3687162399292
129,129,o,11.512443542480469
125,125,o,12.64048957824707
37,37,o,11.001606941223145
11,11,o,11.030096054077148
30,30,o,11.900982856750488
15,15,o,12.692512512207031
72,72,o,9.507950782775879
80,80,o,9.052401542663574
109,109,o,14.309554100036621
153,153,o,12.316995620727539
138,138,o,11.34754467010498
21,21,o,11.655218124389648
33,33,o,12.197233200073242
40,40,o,14.1339693069458
4,4,o,13.411905288696289
39,39,o,16.122724533081055
34,34,o,12.136472702026367
49,49,o,12.513978958129883
75,132,x,7.495455741882324
111,111,o,13.751582145690918
48,48,o,14.16030216217041
35,35,o,10.935820579528809
8,8,o,8.882171630859375
120,120,o,9.73409366607666
144,144,o,11.345332145690918
61,43,x,5.933791160583496
132,132,o,12.213541984558105
74,74,o,10.332108497619629
51,51,o,15.451586723327637
105,105,o,11.319211959838867
72,72,o,12.00914192199707
118,118,o,12.128449440002441
147,1,x,10.313940048217773
53,15,x,7.242101669311523
17,17,o,13.156744956970215
133,133,o,11.505785942077637
31,31,o,12.025158882141113
93,93,o,15.277205467224121
134,134,o,9.276381492614746
23,23,o,12.272141456604004
124,124,o,9.478047370910645
5,5,o,11.665794372558594
19,19,o,13.052215576171875
16,109,x,10.933695793151855
39,14,x,11.762693405151367
135,135,o,10.139518737792969
93,93,o,13.333548545837402
53,53,o,11.674345970153809
29,29,o,12.342306137084961
50,50,o,11.109285354614258
4,78,x,7.54665470123291
139,139,o,13.364323616027832
52,52,o,11.346351623535156
138,138,o,12.522832870483398
14,14,o,13.192761421203613
19,19,o,12.452096939086914
14,14,o,12.049612045288086
98,98,o,9.287109375
12,12,o,13.037012100219727
7,7,o,14.57316780090332
96,96,o,9.297110557556152
48,48,o,14.402460098266602
66,66,o,8.104578971862793
102,102,o,11.59188461303711
122,122,o,14.689056396484375
62,62,o,12.105528831481934
133,133,o,13.43415641784668
100,100,o,11.325519561767578
8,8,o,16.52278709411621
109,109,o,13.832632064819336
28,28,o,14.625777244567871
6,6,o,7.842458248138428
98,98,o,8.433316230773926
149,149,o,12.468192100524902
22,22,o,11.417656898498535
130,41,x,7.326389789581299
28,28,o,10.997499465942383
83,83,o,14.13232421875
65,65,o,10.021818161010742
120,120,o,8.448771476745605
18,18,o,13.26701545715332
81,134,x,8.308783531188965
146,146,o,13.20530891418457
77,4,x,6.49302339553833
27,27,o,15.600349426269531
52,52,o,12.393412590026855
73,73,o,12.10964298248291
122,77,x,6.518700122833252
132,132,o,12.853723526000977
113,113,o,11.589704513549805
102,102,o,13.39834976196289
0,0,o,13.671634674072266
32,32,o,9.895428657531738
109,109,o,13.0662260055542
92,92,o,9.307454109191895
88,88,o,12.244072914123535
53,53,o,14.072355270385742
98,98,o,11.922041893005371
21,21,o,12.082724571228027
5,5,o,15.464116096496582
106,106,o,13.22018051147461
23,23,o,15.70751667022705
41,41,o,11.705910682678223
81,81,o,11.918193817138672
151,151,o,9.806916236877441
28,28,o,11.91469669342041
102,102,o,14.023551940917969
25,25,o,12.051194190979004
67,5,x,8.001955032348633
13,13,o,11.99000072479248
104,104,o,15.830684661865234
129,129,o,13.119016647338867
100,100,o,11.628212928771973
43,43,o,9.267448425292969
126,126,o,9.652419090270996
111,111,o,9.076468467712402
30,30,o,10.617484092712402
94,94,o,15.211224555969238
10,10,o,12.398323059082031
69,69,o,13.663734436035156
43,43,o,13.438623428344727
66,24,x,5.968832492828369
30,30,o,11.317091941833496
46,46,o,12.359747886657715
68,68,o,12.42629337310791
149,149,o,9.69766902923584
97,97,o,15.772897720336914
112,112,o,14.193029403686523
16,16,o,15.230880737304688
130,130,o,12.878454208374023
7,7,o,13.309246063232422
108,108,o,13.272355079650879
143,143,o,5.754244804382324
146,146,o,13.443431854248047
151,151,o,12.327230453491211
45,45,o,10.10580062866211
2,2,o,14.717694282531738
108,108,o,13.780768394470215
147,147,o,13.301078796386719
110,110,o,12.329094886779785
10,10,o,11.165273666381836
101,101,o,15.885016441345215
62,62,o,12.709590911865234
69,69,o,13.40756893157959
100,100,o,9.492024421691895
84,84,o,11.607884407043457
91,91,o,11.546743392944336
50,50,o,12.393994331359863
143,143,o,15.402426719665527
50,50,o,14.542499542236328
132,132,o,12.746496200561523
87,87,o,13.412062644958496
145,145,o,11.272499084472656
52,52,o,12.331868171691895
43,43,o,11.859363555908203
117,117,o,13.044037818908691
139,139,o,12.491662979125977
9,9,o,14.873013496398926
102,102,o,10.943710327148438
12,12,o,10.214516639709473
22,22,o,13.533024787902832
55,55,o,14.339103698730469
73,73,o,12.478785514831543
62,62,o,12.285573959350586
156,156,o,9.617201805114746
131,131,o,12.014509201049805
155,155,o,10.694070816040039
109,109,o,13.593220710754395
44,44,o,12.10269546508789
129,129,o,11.457537651062012
1,1,o,12.305842399597168
56,56,o,11.997030258178711
56,56,o,9.2865571975708
28,28,o,12.071633338928223
150,150,o,12.314111709594727
123,123,o,12.451211929321289
131,131,o,11.51718521118164
140,140,o,11.949718475341797
125,125,o,14.099794387817383
9,9,o,15.19741153717041
56,56,o,13.520550727844238
55,55,o,12.260492324829102
12,12,o,9.990700721740723
140,140,o,11.076290130615234
28,28,o,11.75618839263916
99,99,o,11.246566772460938
44,44,o,12.771958351135254
40,40,o,14.364217758178711
51,51,o,11.999342918395996
4,4,o,12.19007396697998
146,146,o,15.78930377960205
98,98,o,13.45783519744873
39,39,o,10.091791152954102
125,125,o,11.190351486206055
37,37,o,12.560342788696289
42,42,o,9.583484649658203
32,32,o,13.433849334716797
113,113,o,11.235429763793945
148,148,o,12.069828033447266
133,133,o,12.664304733276367
100,100,o,13.252994537353516
120,120,o,13.34541130065918
105,105,o,13.306316375732422
62,62,o,12.139116287231445
125,125,o,11.234306335449219
38,38,o,11.16735553741455
81,81,o,13.482155799865723
72,72,o,9.376111030578613
77,77,o,12.755672454833984
116,6,x,8.211606979370117
120,120,o,10.370137214660645
70,70,o,9.791237831115723
109,109,o,12.197332382202148
93,93,o,12.559015274047852
84,84,o,12.366528511047363
80,80,o,11.729735374450684
44,44,o,11.31202220916748
32,32,o,10.755241394042969
67,67,o,11.820091247558594
34,34,o,10.407578468322754
9,9,o,15.271117210388184
146,146,o,11.698649406433105
76,76,o,13.603414535522461
42,42,o,7.16074275970459
65,65,o,12.169612884521484
144,144,o,10.460844993591309
121,121,o,14.15395736694336
64,64,o,15.612886428833008
139,139,o,13.713708877563477
24,24,o,9.451681137084961
50,50,o,12.306706428527832
46,46,o,11.075769424438477
45,45,o,12.176602363586426
42,42,o,12.277901649475098
154,154,o,10.888443946838379
23,23,o,9.638237953186035
6,6,o,10.14004898071289
70,70,o,12.393838882446289
68,68,o,9.14030933380127
133,133,o,12.270565032958984
58,58,o,9.891054153442383
147,147,o,13.107558250427246
7,7,o,14.586454391479492
6,6,o,10.174427032470703
61,61,o,11.006095886230469
145,145,o,13.661127090454102
34,64,x,9.492654800415039
45,45,o,8.079671859741211
10,10,o,11.025373458862305
49,49,o,11.305729866027832
18,18,o,13.815021514892578
97,97,o,11.988394737243652
125,125,o,12.946396827697754
48,48,o,8.831791877746582
52,52,o,12.097060203552246
73,73,o,11.95506763458252
138,138,o,10.80127239227295
131,131,o,12.798909187316895
22,22,o,14.255526542663574
91,91,o,7.664699554443359
98,98,o,11.485097885131836
115,55,x,7.198611259460449
153,153,o,12.613677024841309
126,126,o,12.670856475830078
12,12,o,10.614755630493164
44,44,o,9.243149757385254
149,149,o,10.976470947265625
34,34,o,12.595246315002441
40,40,o,13.479743957519531
124,154,x,8.501154899597168
74,74,o,12.385061264038086
0,0,o,12.901461601257324
98,98,o,14.735849380493164
91,91,o,12.482232093811035
139,139,o,12.800775527954102
41,34,x,8.996427536010742
26,26,o,12.527911186218262
147,147,o,11.685495376586914
93,25,x,11.561829566955566
58,85,x,5.125810146331787
138,138,o,12.227511405944824
134,81,x,13.097066879272461
26,26,o,11.470890998840332
63,63,o,11.780157089233398
70,70,o,15.15169906616211
56,56,o,16.309885025024414
89,89,o,14.436042785644531
31,31,o,12.230907440185547
154,154,o,11.763075828552246
25,25,o,12.355740547180176
25,25,o,8.165818214416504
103,103,o,6.772145748138428
28,28,o,10.829392433166504
4,4,o,12.33424186706543
96,96,o,11.514850616455078
95,95,o,10.11865234375
86,86,o,13.403287887573242
61,61,o,11.608480453491211
34,34,o,8.303646087646484
103,103,o,10.477274894714355
152,152,o,8.0906400680542
72,72,o,9.544659614562988
49,49,o,8.574540138244629
30,30,o,13.056360244750977
147,147,o,10.614508628845215
23,23,o,13.167062759399414
120,120,o,10.39824104309082
23,23,o,11.158707618713379
126,126,o,11.555424690246582
130,130,o,9.439374923706055
110,110,o,13.349478721618652
29,29,o,12.905047416687012
105,110,x,10.102410316467285
98,98,o,9.627776145935059
108,108,o,11.438889503479004
84,84,o,12.207072257995605
58,58,o,10.115716934204102
12,12,o,12.24738883972168
24,24,o,8.187873840332031
3,3,o,12.909856796264648
134,134,o,13.82345199584961
41,41,o,11.820028305053711
33,33,o,11.492415428161621
109,109,o,11.754093170166016
93,93,o,5.324771881103516
104,104,o,15.967105865478516
93,93,o,10.731541633605957
88,88,o,11.839362144470215
145,145,o,13.26016902923584
62,62,o,11.739360809326172
117,117,o,10.981194496154785
135,114,x,6.629063606262207
14,14,o,13.028277397155762
28,28,o,12.049144744873047
83,83,o,14.257811546325684
119,119,o,12.733983993530273
34,34,o,12.252880096435547
74,35,x,11.368481636047363
62,62,o,12.588384628295898
43,43,o,12.527914047241211
29,29,o,12.16189193725586
153,153,o,14.501185417175293
95,95,o,12.121131896972656
19,19,o,11.261954307556152
113,113,o,11.793716430664062
60,60,o,11.09268569946289
79,79,o,12.075387001037598
73,73,o,9.32296085357666
109,109,o,10.465205192565918
5,5,o,12.509754180908203
4,4,o,11.902402877807617
29,29,o,12.70517349243164
133,142,x,9.257158279418945
97,97,o,14.49649715423584
45,45,o,13.089247703552246
33,33,o,10.934362411499023
13,48,x,10.05579948425293
124,124,o,6.7377519607543945
72,72,o,10.448243141174316
143,143,o,12.806782722473145
152,152,o,7.268802165985107
97,97,o,10.418911933898926
142,142,o,11.064149856567383
7,7,o,13.995397567749023
33,33,o,12.790440559387207
37,37,o,11.997247695922852
133,133,o,12.045356750488281
33,33,o,11.815491676330566
69,69,o,12.041169166564941
155,155,o,10.552828788757324
52,52,o,9.253569602966309
131,131,o,12.365537643432617
121,121,o,10.643815994262695
77,77,o,16.14893913269043
75,75,o,11.820723533630371
20,20,o,11.581725120544434
88,88,o,10.823107719421387
49,49,o,13.309767723083496
103,103,o,11.118634223937988
66,66,o,13.234045028686523
152,152,o,10.877524375915527
135,135,o,10.913596153259277
59,59,o,14.001192092895508
124,124,o,9.501617431640625
104,45,x,6.577731132507324
56,48,x,6.04931640625
91,91,o,11.721858024597168
105,105,o,10.808276176452637
140,140,o,11.244989395141602
4,4,o,8.935462951660156
113,113,o,14.324774742126465
40,40,o,13.524881362915039
97,97,o,14.535435676574707
156,156,o,11.121621131896973
96,96,o,12.344765663146973
51,51,o,15.485706329345703
77,77,o,11.622639656066895
112,90,x,6.607704162597656
146,146,o,14.591751098632812
53,64,x,5.8293304443359375
124,143,x,9.315792083740234
46,45,x,10.594520568847656
128,128,o,13.721498489379883
88,88,o,9.467114448547363
0,0,o,13.820028305053711
70,70,o,13.805499076843262
108,108,o,12.945082664489746
128,128,o,13.077559471130371
109,109,o,14.522429466247559
154,154,o,11.160625457763672
139,139,o,13.803412437438965
139,0,x,9.873690605163574
75,75,o,12.289777755737305
100,100,o,12.463061332702637
11,11,o,11.848153114318848
2,2,o,8.790016174316406
95,95,o,9.567357063293457
44,44,o,9.838297843933105
121,121,o,12.964391708374023
121,121,o,11.980611801147461
39,39,o,11.38978385925293
85,85,o,11.55120849609375
134,134,o,13.657390594482422
13,13,o,8.719956398010254
81,81,o,15.024166107177734
0,0,o,14.44931697845459
137,137,o,11.028417587280273
9,9,o,13.321063041687012
26,26,o,14.076574325561523
89,89,o,14.807440757751465
104,104,o,10.251115798950195
16,16,o,12.183646202087402
74,74,o,14.040197372436523
120,120,o,12.693347930908203
49,49,o,10.283662796020508
80,80,o,10.306367874145508
96,96,o,12.714763641357422
73,73,o,10.532600402832031
56,146,x,8.290568351745605
49,49,o,8.789749145507812
43,43,o,9.392682075500488
80,80,o,12.931596755981445
146,146,o,14.181793212890625
115,115,o,10.944253921508789
20,20,o,11.461925506591797
61,61,o,10.78065013885498
50,50,o,11.466264724731445
25,25,o,10.573705673217773
67,67,o,10.864974975585938
96,96,o,14.888396263122559
146,146,o,10.805729866027832
1,32,x,6.784601211547852
56,56,o,13.906527519226074
43,43,o,10.604938507080078
22,22,o,10.586421966552734
108,108,o,9.919590950012207
47,47,o,12.606954574584961
15,15,o,13.494390487670898
99,99,o,13.803574562072754
51,51,o,8.68285846710205
62,62,o,7.673694133758545
68,68,o,10.399460792541504
137,137,o,10.707361221313477
82,82,o,15.571944236755371
154,154,o,11.689233779907227
1,1,o,11.195908546447754
31,31,o,12.891971588134766
155,155,o,10.913618087768555
120,120,o,11.517200469970703
60,60,o,13.686551094055176
25,62,x,9.310011863708496
30,30,o,11.972088813781738
118,118,o,12.685447692871094
54,54,o,11.608597755432129
59,59,o,10.375865936279297
25,69,x,8.316039085388184
10,10,o,11.30346965789795
69,69,o,11.940884590148926
128,128,o,11.931087493896484
141,141,o,14.083782196044922
129,129,o,12.067577362060547
5,5,o,12.667600631713867
54,54,o,11.509799003601074
50,50,o,10.560200691223145
107,107,o,12.673738479614258
46,46,o,13.45844554901123
61,61,o,13.394189834594727
102,102,o,11.087181091308594
9,58,x,7.733823776245117
59,59,o,13.918127059936523
128,128,o,10.901469230651855
109,109,o,10.237112998962402
25,25,o,14.520334243774414
104,104,o,13.333395957946777
29,29,o,13.071270942687988
34,34,o,8.763998031616211
19,19,o,7.320765018463135
143,143,o,14.13814926147461
41,41,o,11.287714958190918
142,142,o,12.900003433227539
15,15,o,10.287942886352539
123,123,o,10.315560340881348
19,19,o,16.114097595214844
75,75,o,11.745526313781738
79,79,o,10.199466705322266
35,35,o,9.415844917297363
54,54,o,13.195605278015137
145,145,o,11.66618537902832
101,15,x,13.189237594604492
85,85,o,11.231544494628906
30,30,o,12.19904899597168
55,55,o,11.115499496459961
130,130,o,13.531148910522461
143,143,o,12.410204887390137
57,57,o,13.207256317138672
68,68,o,11.698441505432129
87,87,o,13.040543556213379
83,83,o,13.874582290649414
59,59,o,10.732641220092773
152,152,o,12.667915344238281
119,119,o,12.925621032714844
49,49,o,11.383430480957031
27,27,o,15.539531707763672
149,149,o,14.991414070129395
115,115,o,7.983649253845215
29,29,o,11.196703910827637
110,110,o,15.561948776245117
26,26,o,13.585636138916016
1,119,x,11.927482604980469
74,74,o,12.372241973876953
51,51,o,11.474297523498535
12,12,o,11.788534164428711
28,28,o,12.745641708374023
24,24,o,10.880531311035156
82,82,o,14.690170288085938
8,8,o,9.515983581542969
78,78,o,14.863126754760742
24,149,x,7.915799617767334
143,143,o,13.268006324768066
48,48,o,12.460129737854004
135,135,o,11.495304107666016
45,45,o,12.187801361083984
103,103,o,9.541325569152832
84,84,o,9.036075592041016
46,46,o,13.279545783996582
87,87,o,14.166678428649902
111,111,o,12.223799705505371
14,14,o,14.036375999450684
68,68,o,12.969564437866211
19,19,o,14.75378704071045
152,152,o,11.744734764099121
143,143,o,13.212946891784668
141,141,o,15.041574478149414
134,134,o,12.567855834960938
152,152,o,10.704854011535645
119,119,o,11.188151359558105
20,20,o,9.613818168640137
146,146,o,11.564437866210938
117,117,o,10.254448890686035
141,141,o,11.345163345336914
95,95,o,12.47233772277832
18,18,o,13.161483764648438
137,137,o,12.388729095458984
150,150,o,5.91857385635376
105,105,o,11.563955307006836
57,57,o,12.280669212341309
85,85,o,13.143379211425781
39,39,o,13.949193000793457
94,94,o,13.984586715698242
75,75,o,10.67825984954834
45,45,o,12.941885948181152
140,140,o,11.279509544372559
90,54,x,3.6820781230926514
12,12,o,11.587017059326172
21,21,o,12.084571838378906
26,26,o,11.592227935791016
52,52,o,12.059252738952637
141,141,o,12.129242897033691
77,77,o,15.6700439453125
14,39,x,13.951508522033691
5,5,o,13.427915573120117
63,63,o,12.382150650024414
65,65,o,14.098396301269531
57,57,o,13.344939231872559
32,32,o,10.48057746887207
65,65,o,12.133179664611816
149,149,o,10.915440559387207
45,45,o,9.28941535949707
128,128,o,10.974421501159668
85,85,o,10.878865242004395
59,59,o,14.664999008178711
79,79,o,11.462124824523926
140,140,o,11.605131149291992
30,30,o,11.698210716247559
59,59,o,11.060501098632812
15,15,o,11.768739700317383
99,99,o,15.971044540405273
29,29,o,9.95943546295166
131,131,o,12.1613130569458
35,35,o,13.083733558654785
45,45,o,14.094130516052246
79,79,o,12.902643203735352
152,152,o,12.080178260803223
86,86,o,13.480891227722168
43,43,o,11.44984245300293
19,19,o,14.930051803588867
70,70,o,14.418252944946289
35,35,o,12.792162895202637
46,46,o,12.557587623596191
109,109,o,12.214225769042969
151,151,o,9.69109058380127
58,58,o,9.364789009094238
51,51,o,14.250821113586426
144,144,o,12.321890830993652
143,143,o,13.956473350524902
137,137,o,11.606115341186523
31,31,o,11.680778503417969
138,138,o,13.897767066955566
87,36,x,6.083454132080078
4,4,o,13.222728729248047
116,116,o,14.018582344055176
39,39,o,13.284446716308594
44,44,o,10.289387702941895
52,52,o,12.581756591796875
141,81,x,6.646765232086182
9,9,o,8.673718452453613
47,47,o,14.212244987487793
147,147,o,13.482107162475586
68,68,o,11.76851749420166
31,31,o,11.264708518981934
95,95,o,11.941740036010742
136,136,o,11.686798095703125
32,32,o,11.497123718261719
61,61,o,12.908345222473145
14,14,o,13.086920738220215
96,96,o,13.547152519226074
123,123,o,10.530560493469238
75,75,o,11.782426834106445
90,90,o,11.877306938171387
106,106,o,10.718538284301758
52,52,o,12.154932975769043
45,45,o,11.848369598388672
112,112,o,13.820548057556152
70,70,o,12.457235336303711
65,65,o,11.713500022888184
124,124,o,12.18220043182373
90,90,o,11.525349617004395
55,55,o,12.9479398727417
104,104,o,11.290016174316406
36,36,o,12.115764617919922
111,111,o,10.607253074645996
51,51,o,10.71636962890625
132,132,o,13.56047248840332
22,22,o,11.555113792419434
110,110,o,13.966126441955566
120,120,o,8.07526683807373
57,57,o,12.897156715393066
5,5,o,14.345568656921387
129,129,o,12.749469757080078
116,116,o,13.314416885375977
105,105,o,16.48238182067871
119,119,o,9.826272964477539
123,123,o,10.417383193969727
61,61,o,11.191413879394531
122,122,o,11.73106861114502
86,86,o,14.673699378967285
76,76,o,13.639362335205078
143,143,o,13.263900756835938
99,99,o,11.742856979370117
88,88,o,8.879252433776855
56,56,o,13.180829048156738
55,55,o,13.21268367767334
112,112,o,13.901485443115234
94,94,o,15.802467346191406
19,19,o,13.138620376586914
44,44,o,11.97499942779541
155,155,o,8.006449699401855
65,65,o,12.011576652526855
65,65,o,14.490923881530762
104,104,o,6.825214385986328
87,87,o,14.853641510009766
90,90,o,17.922800064086914
70,70,o,13.545670509338379
26,26,o,7.201941013336182
53,53,o,8.508188247680664
58,58,o,12.700489044189453
12,12,o,12.559005737304688
34,111,x,8.799428939819336
145,145,o,11.921565055847168
40,40,o,15.186714172363281
37,37,o,12.305868148803711
45,45,o,10.16839599609375
78,78,o,13.462749481201172
125,95,x,6.653884410858154
83,83,o,14.48923397064209
148,148,o,12.119148254394531
134,134,o,13.372532844543457
106,106,o,11.887758255004883
12,12,o,11.837074279785156
66,66,o,11.763618469238281
5,5,o,11.066113471984863
31,31,o,12.891672134399414
15,15,o,14.427962303161621
104,104,o,12.65446949005127
70,70,o,11.394706726074219
87,87,o,14.567977905273438
18,18,o,14.143672943115234
58,90,x,8.047094345092773
130,130,o,12.262592315673828
35,35,o,11.852433204650879
2,2,o,13.17140007019043
134,134,o,12.42294979095459
103,22,x,6.586834907531738
155,155,o,10.855796813964844
14,14,o,15.032509803771973
21,21,o,12.057985305786133
125,125,o,13.635432243347168
52,52,o,12.710659980773926
41,41,o,14.77361011505127
44,44,o,9.889420509338379
12,12,o,11.635493278503418
23,23,o,12.711498260498047
91,91,o,9.483535766601562
126,126,o,9.93706226348877
70,70,o,12.883763313293457
57,57,o,11.831122398376465
31,31,o,14.280763626098633
122,122,o,13.337871551513672
76,76,o,14.191532135009766
7,7,o,12.94478702545166
32,32,o,13.186199188232422
19,19,o,13.56738567352295
107,107,o,11.097710609436035
79,79,o,12.286042213439941
33,33,o,12.888627052307129
10,10,o,12.715032577514648
51,51,o,11.8082914352417
37,101,x,7.1443376541137695
14,14,o,14.752389907836914
6,6,o,12.56645679473877
85,85,o,12.397396087646484
54,54,o,9.459155082702637
126,126,o,12.010507583618164
102,102,o,16.523378372192383
14,55,x,7.916686058044434
135,135,o,13.59607982635498
47,47,o,10.741552352905273
67,67,o,12.770771980285645
141,81,x,14.860357284545898
34,34,o,14.000911712646484
39,39,o,12.023408889770508
112,112,o,13.000153541564941
132,132,o,12.845954895019531
96,96,o,12.603520393371582
156,156,o,12.377633094787598
2,2,o,11.796384811401367
109,109,o,16.981595993041992
76,76,o,13.809247970581055
115,115,o,12.5289888381958
31,31,o,11.803511619567871
98,98,o,11.022769927978516
136,136,o,12.365839958190918
130,130,o,15.2456693649292
11,11,o,9.093238830566406
69,69,o,13.721879005432129
121,121,o,12.755326271057129
29,29,o,11.887309074401855
126,126,o,12.87948989868164
8,8,o,9.496038436889648
21,21,o,11.983765602111816
8,8,o,12.11215591430664
61,61,o,10.894769668579102
156,156,o,13.108370780944824
137,137,o,13.158368110656738
57,57,o,11.855688095092773
66,66,o,10.447198867797852
118,118,o,11.243328094482422
55,55,o,11.02627182006836
2,2,o,11.972868919372559
7,7,o,14.765460968017578
105,105,o,11.807576179504395
83,83,o,11.44589614868164
67,67,o,6.049647331237793
66,66,o,10.497795104980469
112,112,o,11.394311904907227
21,21,o,13.91115665435791
79,79,o,10.3784818649292
24,24,o,12.369702339172363
14,14,o,12.414301872253418
133,133,o,12.756052017211914
76,76,o,12.617146492004395
152,152,o,14.239142417907715
0,0,o,10.920048713684082
135,135,o,12.980047225952148
80,80,o,8.904553413391113
45,45,o,11.029030799865723
4,4,o,10.833776473999023
72,72,o,10.576476097106934
80,80,o,13.558700561523438
142,142,o,10.68565845489502
13,13,o,12.7129545211792
116,116,o,11.906567573547363
74,74,o,14.183645248413086
146,146,o,14.294866561889648
43,43,o,12.999801635742188
118,118,o,13.603845596313477
141,141,o,14.172554969787598
89,89,o,15.83194637298584
0,0,o,14.833221435546875
88,62,x,8.664012908935547
54,54,o,13.559714317321777
67,67,o,10.924476623535156
0,0,o,11.908304214477539
59,59,o,12.549808502197266
106,91,x,6.859036922454834
60,60,o,12.727399826049805
100,100,o,14.278660774230957
114,114,o,12.187719345092773
30,30,o,11.955296516418457
78,78,o,13.103217124938965
1,1,o,12.76130199432373
111,153,x,10.534421920776367
137,137,o,12.471622467041016
115,115,o,9.930853843688965
24,109,x,9.918445587158203
151,151,o,10.357237815856934
71,71,o,12.920648574829102
133,133,o,14.426506042480469
73,73,o,12.885571479797363
85,85,o,11.887073516845703
92,92,o,15.209529876708984
99,99,o,13.59140682220459
114,114,o,10.35623550415039
84,84,o,12.294075012207031
65,65,o,12.798619270324707
42,42,o,12.241253852844238
82,82,o,13.692587852478027
67,67,o,12.949991226196289
89,89,o,13.445378303527832
73,73,o,15.927119255065918
15,15,o,13.618307113647461
116,116,o,13.28498649597168
14,14,o,14.33272647857666
145,145,o,9.343391418457031
91,91,o,10.518779754638672
95,95,o,10.281064987182617
59,59,o,9.303235054016113
36,36,o,13.193320274353027
24,24,o,10.791799545288086
89,89,o,13.694601058959961
74,74,o,15.671455383300781
26,26,o,12.603071212768555
115,115,o,10.439427375793457
77,77,o,12.939916610717773
36,36,o,10.911163330078125
15,15,o,12.034961700439453
12,12,o,9.643231391906738
73,73,o,8.052552223205566
99,99,o,11.168976783752441
60,60,o,11.23844051361084
23,23,o,10.02619457244873
81,81,o,12.720130920410156
25,25,o,14.303023338317871
30,30,o,12.58891487121582
154,154,o,11.630759239196777
153,38,x,5.436158180236816
101,101,o,12.848342895507812
110,110,o,15.135965347290039
18,18,o,13.448291778564453
49,49,o,12.94558048248291
47,47,o,11.9910249710083
75,75,o,12.92124080657959
88,88,o,12.34428596496582
13,13,o,12.746479034423828
96,24,x,5.797070503234863
90,90,o,11.585625648498535
53,103,x,5.945298194885254
12,12,o,12.513015747070312
115,115,o,10.206249237060547
58,58,o,10.201482772827148
107,107,o,13.917366981506348
109,109,o,11.695394515991211
145,145,o,9.995105743408203
19,19,o,12.884699821472168
155,155,o,11.023909568786621
149,149,o,13.503907203674316
131,131,o,10.070140838623047
108,108,o,13.32253360748291
49,49,o,12.535398483276367
38,38,o,17.825077056884766
51,51,o,12.0228853225708
6,6,o,11.358240127563477
3,3,o,10.930771827697754
92,92,o,12.888777732849121
40,40,o,14.802179336547852
95,95,o,13.21464729309082
48,48,o,13.86001968383789
85,85,o,11.851269721984863
46,46,o,12.625103950500488
20,20,o,14.304348945617676
53,53,o,11.951934814453125
56,56,o,13.348177909851074
99,99,o,13.790277481079102
43,43,o,12.107097625732422
18,18,o,11.62513256072998
16,16,o,14.892435073852539
126,126,o,12.941222190856934
117,117,o,9.306937217712402
86,86,o,11.146608352661133
45,45,o,13.389253616333008
28,28,o,12.739706039428711
58,58,o,11.462820053100586
77,77,o,10.203307151794434
81,81,o,11.5059814453125
134,134,o,14.625298500061035
102,102,o,10.582036018371582
63,63,o,11.666021347045898
131,131,o,9.204764366149902
64,64,o,14.2897367477417
66,66,o,12.953828811645508
29,29,o,12.235687255859375
38,38,o,13.143582344055176
128,128,o,12.304908752441406
115,115,o,12.087324142456055
148,148,o,12.682424545288086
114,114,o,12.118650436401367
140,140,o,9.374442100524902
133,133,o,11.389424324035645
152,152,o,12.07729721069336
85,85,o,10.211091041564941
117,117,o,11.517319679260254
78,78,o,11.037772178649902
51,51,o,12.886282920837402
90,90,o,14.518694877624512
136,136,o,10.991009712219238
143,143,o,13.6588773727417
89,89,o,13.889405250549316
98,98,o,11.55105972290039
120,45,x,8.751703262329102
52,52,o,12.365227699279785
3,3,o,12.501334190368652
123,123,o,9.530336380004883
14,14,o,11.84316635131836
116,116,o,15.248374938964844
14,14,o,13.314772605895996
69,69,o,14.04505443572998
116,116,o,13.647114753723145
84,84,o,14.925928115844727
30,30,o,12.619643211364746
47,47,o,11.695232391357422
12,12,o,10.40639877319336
69,69,o,13.002012252807617
29,29,o,11.899739265441895
64,64,o,10.962462425231934
122,122,o,12.539743423461914
65,65,o,12.024937629699707
126,126,o,12.998871803283691
113,113,o,15.452688217163086
50,50,o,11.774740219116211
37,37,o,14.546503067016602
41,41,o,14.184364318847656
13,13,o,12.294297218322754
144,144,o,8.875886917114258
27,27,o,11.882904052734375
8,8,o,13.048213958740234
36,36,o,13.851414680480957
46,46,o,14.259964942932129
126,126,o,13.308259010314941
128,128,o,11.373148918151855
156,156,o,10.237675666809082
61,76,x,7.682064056396484
26,26,o,13.797773361206055
39,39,o,15.638710975646973
154,154,o,8.3091402053833
129,129,o,12.421491622924805
151,151,o,9.385848045349121
139,139,o,12.092169761657715
82,82,o,11.140798568725586
91,91,o,11.824344635009766
146,146,o,15.475908279418945
119,153,x,5.856189727783203
64,64,o,11.977380752563477
135,135,o,12.745874404907227
95,95,o,12.932415962219238
104,104,o,6.823281288146973
116,116,o,13.554616928100586
1,1,o,13.106497764587402
57,57,o,11.97146987915039
34,34,o,12.621559143066406
32,32,o,10.260331153869629
108,108,o,10.952249526977539
89,35,x,9.470166206359863
14,14,o,13.524210929870605
69,69,o,13.300605773925781
40,40,o,13.21141242980957
17,17,o,13.046648025512695
49,49,o,11.064149856567383
145,145,o,13.895325660705566
2,2,o,10.430330276489258
67,67,o,13.48543930053711
125,125,o,12.807877540588379
47,47,o,9.206131935119629
60,60,o,15.30433464050293
35,35,o,12.556724548339844
40,74,x,11.239553451538086
111,111,o,10.938851356506348
148,148,o,10.422127723693848
0,115,x,5.975329399108887
131,131,o,14.019197463989258
144,144,o,11.143070220947266
89,89,o,10.614474296569824
43,43,o,11.088708877563477
47,47,o,12.95075798034668
80,80,o,12.458871841430664
52,52,o,12.4204740524292
4,4,o,12.87247085571289
77,77,o,16.020917892456055
149,149,o,13.857016563415527
138,138,o,13.077109336853027
110,147,x,9.716209411621094
7,7,o,14.253209114074707
49,49,o,11.907852172851562
93,93,o,10.872051239013672
136,136,o,12.180978775024414
15,15,o,10.50550651550293
121,121,o,14.307646751403809
75,75,o,11.521763801574707
138,138,o,14.007187843322754
107,90,x,11.166291236877441
124,124,o,11.369439125061035
7,7,o,15.505757331848145
97,97,o,13.364546775817871
128,128,o,12.276386260986328
6,6,o,11.121183395385742
55,55,o,13.92208194732666
29,29,o,11.529341697692871
20,20,o,12.128129005432129
17,17,o,11.861013412475586
